City_ID,City,Lat,Lng,Max Temp,Humidity,Cloudiness,Wind Speed,Country,Date
0,dikson,73.5069,80.5464,-6.31,94,100,8.86,RU,1669900630
1,tuktoyaktuk,69.4541,-133.0374,-21.92,100,100,1.94,CA,1669900468
2,kapaa,22.0752,-159.319,23.18,90,20,3.6,US,1669900630
3,port alfred,-33.5906,26.891,21.77,82,26,2.68,ZA,1669900631
4,taltal,-25.4,-70.4833,19.53,69,0,2.33,CL,1669900631
5,bredasdorp,-34.5322,20.0403,27.28,42,80,9.01,ZA,1669900631
6,new norfolk,-42.7826,147.0587,11.72,64,33,0.27,AU,1669900538
7,aloleng,16.1307,119.7824,27.47,75,98,3.46,PH,1669900631
8,longyearbyen,78.2186,15.6401,1.91,87,75,3.6,SJ,1669900615
9,aswan,24.0934,32.907,28.03,25,0,3.87,EG,1669900632
10,arraial do cabo,-22.9661,-42.0278,25.98,88,40,10.29,BR,1669900632
11,ponta do sol,32.6667,-17.1,23.89,71,5,2.2,PT,1669900534
12,fortuna,40.5982,-124.1573,6.19,94,100,0.45,US,1669900632
13,hithadhoo,-0.6,73.0833,27.63,63,57,2.32,MV,1669900633
14,ushuaia,-54.8,-68.3,13.81,47,40,7.2,AR,1669900633
15,klaksvik,62.2266,-6.589,9.51,99,100,5.91,FO,1669900633
16,punta arenas,-53.15,-70.9167,13.06,47,40,18.52,CL,1669900622
17,bousso,10.4795,16.7117,35.18,12,100,3.84,TD,1669900634
18,calbuco,-41.768,-73.1273,13.56,71,16,2.06,CL,1669900634
19,carnarvon,-24.8667,113.6333,21.29,75,6,8.09,AU,1669900634
20,ulaangom,49.9811,92.0667,-26.56,90,21,1.6,MN,1669900635
21,bom jesus,-9.0744,-44.3586,22.98,93,100,1.98,BR,1669900635
22,airai,-8.9266,125.4092,16.11,94,100,0.72,TL,1669900578
23,georgetown,5.4112,100.3354,25.96,91,20,4.12,MY,1669900470
24,hermanus,-34.4187,19.2345,23.78,69,64,5.95,ZA,1669900636
25,padang,-0.9492,100.3543,25.03,90,100,1.61,ID,1669900636
26,rikitea,-23.1203,-134.9692,23.04,75,66,5.45,PF,1669900622
27,asau,46.4333,26.4,-1.49,71,100,1.78,RO,1669900636
28,albany,42.6001,-73.9662,0.76,52,4,1.34,US,1669900513
29,katsuura,35.1333,140.3,11.92,84,100,5.18,JP,1669900637
30,salalah,17.0151,54.0924,27.05,69,40,4.12,OM,1669900637
31,ribeira grande,38.5167,-28.7,20.22,68,40,5.14,PT,1669900637
32,tual,-5.6667,132.75,26.43,80,100,4.43,ID,1669900637
33,hobart,-42.8794,147.3294,11.92,75,75,0.0,AU,1669900400
34,busselton,-33.65,115.3333,14.05,83,0,5.02,AU,1669900449
35,mataura,-46.1927,168.8643,10.27,87,64,3.17,NZ,1669900619
36,aklavik,68.2191,-135.0107,-16.06,97,100,1.27,CA,1669900638
37,bluff,-46.6,168.3333,10.45,73,57,9.58,NZ,1669900638
38,castro,-24.7911,-50.0119,23.03,70,11,3.63,BR,1669900638
39,cabo san lucas,22.8909,-109.9124,22.51,80,0,0.0,MX,1669900639
40,rawson,-43.3002,-65.1023,22.41,31,0,7.02,AR,1669900639
41,upernavik,72.7868,-56.1549,-15.31,92,100,9.12,GL,1669900621
42,kahului,20.8947,-156.47,24.36,89,0,3.09,US,1669900639
43,kattivakkam,13.2167,80.3167,28.05,81,80,4.13,IN,1669900640
44,cidreira,-30.1811,-50.2056,22.21,94,100,7.46,BR,1669900640
45,loikaw,19.6742,97.2094,19.32,91,81,1.47,MM,1669900640
46,faanui,-16.4833,-151.75,26.32,79,64,6.07,PF,1669900641
47,polovinnoye,54.7914,65.9864,-14.01,74,100,4.59,RU,1669900641
48,panzhihua,26.5851,101.7128,15.19,67,0,0.57,CN,1669900641
49,olafsvik,64.8945,-23.7142,5.77,81,78,14.22,IS,1669900641
50,kruisfontein,-34.0033,24.7314,24.38,51,48,6.79,ZA,1669900642
51,polunochnoye,60.8697,60.4153,-22.67,100,39,0.88,RU,1669900642
52,shubarkuduk,49.1447,56.4872,-5.38,33,0,2.8,KZ,1669900642
53,leningradskiy,69.3833,178.4167,-3.14,75,100,4.31,RU,1669900538
54,pleasanton,37.6624,-121.8747,11.62,73,75,3.6,US,1669900643
55,port elizabeth,-33.918,25.5701,25.61,72,92,4.92,ZA,1669900643
56,tura,25.5198,90.2201,17.69,90,0,1.57,IN,1669900643
57,yellowknife,62.456,-114.3525,-21.61,97,100,0.91,CA,1669900452
58,balabac,7.9868,117.0645,27.29,85,100,7.11,PH,1669900644
59,cape town,-33.9258,18.4232,26.73,54,20,5.66,ZA,1669900644
60,provideniya,64.3833,-173.3,-3.28,96,65,3.59,RU,1669900645
61,buchanan,5.8808,-10.0467,29.04,66,45,3.21,LR,1669900645
62,tobane,-21.95,27.9,31.92,20,0,5.26,BW,1669900645
63,souillac,-20.5167,57.5167,27.21,65,75,3.6,MU,1669900645
64,egvekinot,66.3167,-179.1667,-3.64,98,100,4.53,RU,1669900646
65,severo-kurilsk,50.6789,156.125,-2.88,61,83,7.76,RU,1669900646
66,mogadishu,2.0371,45.3438,28.19,70,95,6.72,SO,1669900646
67,nhulunbuy,-12.2333,136.7667,28.34,78,100,2.57,AU,1669900647
68,tunduma,-9.3,32.7667,16.13,87,100,1.25,TZ,1669900647
69,kodiak,57.79,-152.4072,3.73,56,0,15.95,US,1669900424
70,barrow,71.2906,-156.7887,-6.99,86,100,2.06,US,1669900647
71,pavilosta,56.8879,21.1859,-0.05,83,100,3.67,LV,1669900648
72,muli,2.9167,73.5667,27.02,75,33,2.44,MV,1669900648
73,mindszent,46.5236,20.1904,5.66,62,92,2.96,HU,1669900648
74,nantucket,41.2835,-70.0995,4.52,59,4,15.64,US,1669900625
75,jamestown,42.097,-79.2353,-1.23,78,100,5.14,US,1669900417
76,rundu,-17.9333,19.7667,36.44,12,5,4.48,NA,1669900649
77,avarua,-21.2078,-159.775,25.03,88,75,6.17,CK,1669900649
78,wajima,37.4,136.9,5.79,83,100,4.81,JP,1669900649
79,bumba,2.1833,22.4667,25.05,79,100,1.4,CD,1669900650
80,sao joao da barra,-21.6403,-41.0511,26.05,85,100,9.14,BR,1669900650
81,kokopo,-4.352,152.2633,26.32,80,96,2.69,PG,1669900650
82,sur,22.5667,59.5289,25.81,42,63,1.62,OM,1669900651
83,cherskiy,68.75,161.3,-12.58,98,100,5.82,RU,1669900615
84,norman wells,65.282,-126.8329,-20.98,77,100,0.0,CA,1669900651
85,hilo,19.7297,-155.09,27.38,90,100,4.12,US,1669900640
86,beringovskiy,63.05,179.3167,1.19,99,100,6.56,RU,1669900651
87,mahebourg,-20.4081,57.7,27.16,65,75,3.6,MU,1669900652
88,latung,5.5,120.8833,27.95,74,100,2.68,PH,1669900652
89,bambous virieux,-20.3428,57.7575,26.23,69,21,4.33,MU,1669900450
90,thompson,55.7435,-97.8558,-26.33,94,100,1.05,CA,1669900406
91,saint-francois,46.4154,3.9054,6.69,65,100,4.12,FR,1669900652
92,clyde river,70.4692,-68.5914,-32.87,62,0,0.0,CA,1669900638
93,tasiilaq,65.6145,-37.6368,5.09,89,100,2.61,GL,1669900653
94,yaan,7.3833,8.5667,35.55,14,81,3.26,NG,1669900653
95,coihaique,-45.5752,-72.0662,11.97,43,40,5.14,CL,1669900641
96,saskylakh,71.9167,114.0833,-33.07,100,100,2.08,RU,1669900469
97,saint george,37.1041,-113.5841,0.33,59,0,0.0,US,1669900538
98,meulaboh,4.1363,96.1285,24.76,89,100,1.01,ID,1669900653
99,portland,45.5234,-122.6762,4.34,90,75,4.12,US,1669900089
100,mar del plata,-38.0023,-57.5575,16.64,98,100,7.6,AR,1669900654
101,east london,-33.0153,27.9116,25.36,74,10,4.16,ZA,1669900654
102,chumikan,54.7183,135.315,-23.51,75,7,11.49,RU,1669900654
103,lingyuan,41.24,119.4011,-9.68,32,0,1.87,CN,1669900655
104,blackwater,-23.5833,148.8833,16.95,80,1,3.98,AU,1669900655
105,bethel,41.3712,-73.414,2.53,60,22,1.79,US,1669900451
106,cap-aux-meules,47.3821,-61.8597,10.01,87,100,20.06,CA,1669900626
107,sorland,67.667,12.6934,3.92,74,14,3.35,NO,1669900655
108,chokurdakh,70.6333,147.9167,-17.72,98,100,1.81,RU,1669900656
109,nanortalik,60.1432,-45.2371,-3.11,74,4,14.46,GL,1669900656
110,vagur,61.4732,-6.8119,9.26,99,100,7.44,FO,1669900656
111,nouadhibou,20.931,-17.0347,19.75,63,81,5.87,MR,1669900656
112,santa isabel do rio negro,-0.4139,-65.0192,27.01,82,96,1.37,BR,1669900657
113,kalabo,-14.97,22.6814,34.27,19,5,4.31,ZM,1669900657
114,luderitz,-26.6481,15.1594,23.04,59,26,10.41,NA,1669900657
115,maldonado,-34.6667,-54.9167,24.66,62,97,3.15,UY,1669900406
116,butaritari,3.0707,172.7902,26.66,81,24,5.27,KI,1669900653
117,goderich,43.7501,-81.7165,1.06,74,100,8.23,CA,1669900658
118,prince rupert,54.3161,-130.3201,-4.17,55,0,5.66,CA,1669900658
119,gonbad-e qabus,37.25,55.1672,12.95,88,100,0.0,IR,1669900658
120,hay river,60.8156,-115.7999,-25.01,77,20,4.63,CA,1669900659
121,benguela,-12.5763,13.4055,27.23,73,51,4.02,AO,1669900659
122,kita,13.0349,-9.4895,35.13,13,99,1.96,ML,1669900659
123,nchelenge,-9.3451,28.734,23.78,68,100,1.91,ZM,1669900659
124,san juan,-31.5375,-68.5364,24.0,37,15,8.27,AR,1669900643
125,chuy,-33.6971,-53.4616,24.23,79,83,4.19,UY,1669900633
126,nikolskoye,59.7035,30.7861,-4.55,86,100,1.28,RU,1669900660
127,port macquarie,-31.4333,152.9167,15.5,83,99,4.6,AU,1669900660
128,kuryk,43.2,51.65,2.14,27,0,5.17,KZ,1669900660
129,surt,31.2089,16.5887,18.93,38,7,3.87,LY,1669900661
130,masyaf,35.0653,36.3406,16.12,68,30,2.12,SY,1669900661
131,yar-sale,66.8333,70.8333,-21.09,94,17,4.43,RU,1669900661
132,karratha,-20.7377,116.8463,28.59,49,0,6.85,AU,1669900647
133,soure,-0.7167,-48.5233,28.35,72,92,4.23,BR,1669900662
134,atuona,-9.8,-139.0333,25.19,78,17,6.16,PF,1669900533
135,mahanoro,-19.9,48.8,27.09,62,0,4.96,MG,1669900662
136,okhotsk,59.3833,143.3,-19.56,99,100,4.28,RU,1669900662
137,qaanaaq,77.484,-69.3632,-31.85,83,13,3.14,GL,1669900663
138,vardo,70.3705,31.1107,-1.01,80,75,2.57,NO,1669900623
139,port lincoln,-34.7333,135.8667,15.98,81,0,7.23,AU,1669900565
140,te anau,-45.4167,167.7167,6.03,82,90,0.57,NZ,1669900663
141,saint-philippe,-21.3585,55.7679,26.77,77,53,2.39,RE,1669900664
142,jurado,7.1053,-77.7641,24.87,86,91,1.22,CO,1669900568
143,san patricio,28.017,-97.5169,11.91,73,0,4.97,US,1669900664
144,kavieng,-2.5744,150.7967,27.97,73,75,2.13,PG,1669900664
145,ileza,61.0533,43.9002,-12.51,94,100,0.84,RU,1669900664
146,mayo,38.8876,-76.5119,3.47,53,0,4.12,US,1669900665
147,kavaratti,10.5669,72.642,27.7,72,59,1.57,IN,1669900665
148,svinita,44.4997,22.1061,1.8,92,100,4.02,RO,1669900665
149,partizanskoye,55.5006,94.39,-17.98,94,100,4.55,RU,1669900666
150,vila franca do campo,37.7167,-25.4333,16.78,69,31,2.64,PT,1669900637
151,sao filipe,14.8961,-24.4956,24.53,62,58,3.98,CV,1669900666
152,rohru,31.2167,77.75,10.26,35,15,1.91,IN,1669900666
153,hualmay,-11.0964,-77.6139,20.31,79,6,3.22,PE,1669900666
154,santa cruz,-17.8,-63.1667,24.7,65,75,6.17,BO,1669900503
155,samarai,-10.6167,150.6667,27.77,78,100,2.67,PG,1669900466
156,lima,-12.0432,-77.0282,18.14,82,40,3.09,PE,1669900261
157,pringsewu,-5.3582,104.9744,24.11,83,100,3.33,ID,1669900667
158,cedar city,37.6775,-113.0619,1.54,64,0,6.69,US,1669900537
159,keti bandar,24.1447,67.4497,25.61,36,0,4.53,PK,1669900667
160,natal,-5.795,-35.2094,29.36,69,75,7.2,BR,1669900578
161,ambon,-3.6954,128.1814,27.52,75,100,2.17,ID,1669900668
162,lagoa,39.05,-27.9833,17.22,83,1,7.03,PT,1669900668
163,puerto ayora,-0.7393,-90.3518,20.31,91,74,4.02,EC,1669900668
164,camocim,-2.9022,-40.8411,30.05,61,69,6.36,BR,1669900669
165,vaini,-21.2,-175.2,24.09,94,20,2.06,TO,1669900529
166,gornopravdinsk,60.05,69.9,-24.33,94,11,0.51,RU,1669900669
167,alta floresta,-9.8756,-56.0861,27.9,78,0,1.54,BR,1669900669
168,corrente,-3.7367,-43.3394,31.46,53,66,2.27,BR,1669900669
169,am timan,11.0297,20.2827,36.72,16,53,4.69,TD,1669900670
170,ponta delgada,37.7333,-25.6667,16.95,72,75,3.09,PT,1669900670
171,pecos,31.4229,-103.4932,3.46,86,0,1.54,US,1669900664
172,mount gambier,-37.8333,140.7667,9.94,94,6,2.77,AU,1669900670
173,progreso,21.2833,-89.6667,23.06,91,56,3.91,MX,1669900671
174,tommot,58.9564,126.2925,-21.15,93,100,4.68,RU,1669900671
175,taunggyi,20.7833,97.0333,16.63,90,25,0.42,MM,1669900671
176,placido de castro,-10.3353,-67.1856,30.86,55,54,2.5,BR,1669900672
177,gourdon,44.75,1.5,8.89,58,33,2.75,FR,1669900672
178,komsomolskiy,40.4272,71.7189,7.4,70,100,3.09,UZ,1669900672
179,bengkulu,-3.8004,102.2655,24.69,89,100,1.61,ID,1669900672
180,milisauti,47.7833,26.0,0.7,88,100,2.51,RO,1669900673
181,planeta rica,8.4147,-75.5883,24.15,90,6,1.86,CO,1669900673
182,broome,42.2506,-75.833,-0.08,74,100,5.66,US,1669900673
183,price,39.5994,-110.8107,-10.41,62,0,1.54,US,1669900674
184,vestmannaeyjar,63.4427,-20.2734,6.55,75,75,10.29,IS,1669900674
185,khatanga,71.9667,102.5,-14.02,96,100,5.34,RU,1669900674
186,seybaplaya,19.65,-90.6667,22.7,92,15,4.03,MX,1669900674
187,muros,42.7762,-9.0603,15.38,69,0,2.78,ES,1669900580
188,touros,-5.1989,-35.4608,29.37,58,76,6.59,BR,1669900675
189,bairiki,1.3292,172.9752,27.0,83,20,4.12,KI,1669900675
190,pevek,69.7008,170.3133,-3.78,76,53,11.8,RU,1669900675
191,kermanshah,34.3142,47.065,12.5,58,75,6.17,IR,1669900675
192,ara,25.5667,84.6667,19.94,37,0,2.13,IN,1669900477
193,ornskoldsvik,63.2909,18.7153,0.53,100,100,1.03,SE,1669900676
194,buenos aires,-34.6132,-58.3772,20.55,85,100,4.12,AR,1669900586
195,bayir,37.2687,28.2167,10.29,83,88,3.54,TR,1669900676
196,sarakhs,36.5449,61.1577,8.08,76,100,6.17,IR,1669900676
197,pontes e lacerda,-15.2261,-59.3353,26.02,72,91,2.1,BR,1669900677
198,sechura,-5.5569,-80.8222,20.64,76,52,4.1,PE,1669900677
199,alofi,-19.0595,-169.9187,21.94,94,33,0.51,NU,1669900677
200,lyaskelya,61.7667,31.0167,-4.52,98,100,1.33,RU,1669900677
201,streator,41.1209,-88.8354,-7.78,91,16,2.15,US,1669900678
202,ancud,-41.8697,-73.8203,9.84,60,68,0.46,CL,1669900678
203,felanitx,39.4696,3.1483,14.42,68,100,3.6,ES,1669900678
204,longhua,23.6137,114.1919,9.05,81,98,2.61,CN,1669900679
205,juybar,36.6412,52.9124,14.05,86,100,4.12,IR,1669900679
206,eureka,40.8021,-124.1637,6.34,96,100,0.45,US,1669900537
207,kaitangata,-46.2817,169.8464,8.91,72,16,5.35,NZ,1669900459
208,ville-marie,47.3335,-79.433,-4.85,68,100,7.01,CA,1669900566
209,road town,18.4167,-64.6167,27.05,74,40,4.63,VG,1669900585
210,los llanos de aridane,28.6585,-17.9182,20.86,72,40,2.68,ES,1669900679
211,vangaindrano,-23.35,47.6,25.26,77,97,4.0,MG,1669900680
212,san pedro,14.35,121.0167,26.57,90,75,1.03,PH,1669900680
213,lundazi,-12.2929,33.1782,24.14,62,63,1.97,ZM,1669900680
214,iqaluit,63.7506,-68.5145,-15.15,61,100,8.23,CA,1669900681
215,santo tomas,14.1079,121.1414,26.14,87,98,4.32,PH,1669900681
216,nakskov,54.8373,11.1284,3.95,77,100,3.31,DK,1669900681
217,dolores,-36.3132,-57.6792,16.14,91,100,9.58,AR,1669900681
218,geraldton,-28.7667,114.6,19.23,72,75,3.6,AU,1669900518
219,taoudenni,22.6783,-3.9836,25.01,9,98,2.97,ML,1669900682
220,grass valley,39.2191,-121.0611,6.1,88,100,4.12,US,1669900682
221,ayan,56.45,138.1667,-19.15,73,90,9.03,RU,1669900682
222,torbay,47.6666,-52.7314,3.1,88,100,11.83,CA,1669900565
223,kibala,9.1104,18.3463,35.97,17,0,3.6,TD,1669900683
224,yamada,39.4667,141.95,2.69,77,43,1.34,JP,1669900683
225,tsumeb,-19.2333,17.7167,35.11,15,6,5.99,NA,1669900684
226,san quintin,30.4833,-115.95,11.82,79,100,2.74,MX,1669900684
227,tuatapere,-46.1333,167.6833,7.88,81,96,4.45,NZ,1669900641
228,nuqui,5.7125,-77.2708,25.26,85,60,0.19,CO,1669900568
229,bathsheba,13.2167,-59.5167,29.34,65,40,9.26,BB,1669900629
230,sangar,63.9242,127.4739,-33.06,94,100,0.97,RU,1669900684
231,fukue,32.6881,128.8419,9.55,58,100,8.81,JP,1669900685
232,destin,30.3935,-86.4958,6.7,61,0,5.14,US,1669900685
233,ossora,59.2353,163.0719,-6.31,75,100,2.34,RU,1669900685
234,marawi,7.9986,124.2928,21.07,94,98,0.4,PH,1669900686
235,joshimath,30.5667,79.5667,10.84,33,6,2.76,IN,1669900686
236,barreirinha,-2.7933,-57.07,27.52,77,100,1.21,BR,1669900686
237,ixtapa,20.7,-105.2,20.13,83,0,1.54,MX,1669900686
238,cabra,37.4725,-4.4421,15.28,35,100,1.09,ES,1669900687
239,ballina,-28.8667,153.5667,16.12,99,100,7.94,AU,1669900687
240,lithgow,-33.4833,150.15,9.04,86,96,3.47,AU,1669900687
241,whitehorse,60.7161,-135.0538,-19.57,77,100,3.6,CA,1669900602
242,birao,10.2849,22.7882,36.97,17,88,3.76,CF,1669900688
243,aquiraz,-3.9014,-38.3911,31.36,61,82,6.31,BR,1669900688
244,chapais,49.7834,-74.8492,-6.12,93,100,5.87,CA,1669900688
245,srednekolymsk,67.45,153.6833,-25.54,97,100,7.88,RU,1669900626
246,tyumentsevo,53.3224,81.498,-19.14,87,9,4.19,RU,1669900689
247,zaltan,32.947,11.8665,17.6,50,77,3.21,LY,1669900689
248,sioux lookout,50.1001,-91.917,-12.96,92,100,1.54,CA,1669900689
249,phek,25.6667,94.5,10.73,93,47,0.4,IN,1669900808
250,cayenne,4.9333,-52.3333,29.02,74,75,4.12,GF,1669900703
251,santa fe,-31.6333,-60.7,25.01,67,17,4.92,AR,1669900809
252,camacha,33.0833,-16.3333,18.68,77,40,8.75,PT,1669900681
253,mishan,45.55,131.8833,-19.76,90,11,1.87,CN,1669900691
254,tamworth,52.634,-1.6959,6.14,94,30,1.17,GB,1669900809
255,dawei,14.0833,98.2,25.13,91,100,1.41,MM,1669900809
256,iwanai,42.9744,140.5089,-3.7,70,100,8.07,JP,1669900810
257,lashio,22.9333,97.75,18.13,92,9,0.6,MM,1669900810
258,saldanha,-33.0117,17.9442,26.03,68,100,6.16,ZA,1669900810
259,tezu,27.9167,96.1667,19.09,51,0,1.97,IN,1669900811
260,mana,5.6592,-53.7767,27.69,73,100,3.89,GF,1669900811
261,codrington,-38.2667,141.9667,9.71,88,5,3.38,AU,1669900811
262,adre,13.4667,22.2,32.63,16,100,3.01,TD,1669900812
263,shingu,33.7333,135.9833,7.33,77,92,2.59,JP,1669900812
264,katangli,51.7102,143.2326,-23.98,97,79,4.06,RU,1669900812
265,isangel,-19.55,169.2667,26.39,86,100,3.09,VU,1669900677
266,nishihara,26.1842,127.7558,18.6,77,75,8.75,JP,1669900695
267,gewane,10.1664,40.6453,31.57,14,50,4.31,ET,1669900813
268,monrovia,6.3005,-10.7969,28.18,70,77,2.31,LR,1669900695
269,morgan city,29.6994,-91.2068,7.23,70,0,5.14,US,1669900813
270,ivanteyevka,55.9711,37.9208,-10.7,92,100,1.44,RU,1669900696
271,sitka,57.0531,-135.33,-1.06,80,100,3.09,US,1669900813
272,naze,28.3667,129.4833,14.51,73,100,9.12,JP,1669900814
273,batemans bay,-35.7167,150.1833,16.72,95,100,2.8,AU,1669900814
274,lakhi,27.8496,68.6994,21.94,64,99,0.0,PK,1669900697
275,hamilton,39.1834,-84.5333,-3.64,76,0,1.54,US,1669900564
276,vila velha,-20.3297,-40.2925,24.97,98,100,5.14,BR,1669900698
277,malangali,-8.5667,34.85,18.37,86,100,3.87,TZ,1669900814
278,kalmunai,7.4167,81.8167,26.43,80,41,3.04,LK,1669900698
279,baillif,16.0202,-61.7463,27.72,69,0,3.23,GP,1669900815
280,esperance,-33.8667,121.9,19.01,87,0,7.67,AU,1669900648
281,orshanka,56.9161,47.8933,-14.36,97,39,1.45,RU,1669900815
282,grand gaube,-20.0064,57.6608,27.22,66,38,2.24,MU,1669900816
283,ruidoso,33.3317,-105.673,4.73,51,0,2.06,US,1669900816
284,alekseyevka,50.6309,38.6903,-2.35,49,100,5.47,RU,1669900816
285,metro,-5.1131,105.3067,25.27,75,98,3.88,ID,1669900816
286,curuguaty,-24.4694,-55.6945,29.1,55,55,1.7,PY,1669900817
287,doha,25.2867,51.5333,27.99,39,0,3.09,QA,1669900531
288,glasgow,55.8652,-4.2576,9.84,93,100,1.54,GB,1669900710
289,shahrud,36.4182,54.9763,7.55,73,88,4.16,IR,1669900701
290,nouakchott,18.0858,-15.9785,28.96,32,86,4.59,MR,1669900817
291,trinidad,-14.8333,-64.9,24.99,94,75,4.12,BO,1669900702
292,petatlan,17.5167,-101.2667,23.89,77,86,1.86,MX,1669900818
293,ketchikan,55.3422,-131.6461,-8.74,73,0,1.54,US,1669900609
294,rio grande,-32.035,-52.0986,28.06,82,72,5.35,BR,1669900818
295,ulundi,-28.3352,31.4162,31.75,21,29,3.31,ZA,1669900818
296,kyshtovka,56.555,76.6271,-23.2,99,11,2.77,RU,1669900819
297,santa vitoria do palmar,-33.5189,-53.3681,24.57,76,93,4.28,BR,1669900557
298,ajdabiya,30.7554,20.2263,19.59,39,0,5.09,LY,1669900819
299,deer lake,49.1667,-57.4316,-1.08,100,100,0.0,CA,1669900819
300,klatovy,49.3955,13.2951,4.15,88,100,3.09,CZ,1669900704
301,tombouctou,20.0,-3.0,28.49,11,12,3.25,ML,1669900819
302,kuala terengganu,5.3302,103.1408,24.97,94,40,2.57,MY,1669900820
303,itoman,26.1247,127.6694,19.01,77,75,8.75,JP,1669900820
304,rio gallegos,-51.6226,-69.2181,16.03,20,75,6.17,AR,1669900820
305,lebu,-37.6167,-73.65,13.99,53,0,7.4,CL,1669900706
306,rio blanco,18.8333,-97.15,14.31,94,73,1.89,MX,1669900706
307,dalvik,65.9702,-18.5286,5.96,80,59,6.85,IS,1669900821
308,pacific grove,36.6177,-121.9166,11.01,78,40,2.06,US,1669900821
309,svetlaya,46.5389,138.3297,-16.46,76,17,4.38,RU,1669900821
310,lompoc,34.6391,-120.4579,10.99,95,0,2.57,US,1669900822
311,ulladulla,-35.35,150.4667,15.9,79,99,0.5,AU,1669900822
312,port-gentil,-0.7193,8.7815,29.98,74,20,6.69,GA,1669900692
313,dunedin,-45.8742,170.5036,9.89,69,55,4.92,NZ,1669900708
314,springbok,-29.6643,17.8865,30.13,19,1,6.83,ZA,1669900823
315,hasaki,35.7333,140.8333,8.22,80,100,6.21,JP,1669900823
316,aykhal,66.0,111.5,-31.31,100,100,5.26,RU,1669900823
317,ahipara,-35.1667,173.1667,14.95,71,100,5.12,NZ,1669900698
318,dumas,35.8656,-101.9732,-0.92,64,0,6.69,US,1669900709
319,timra,62.487,17.3257,1.49,93,100,1.03,SE,1669900824
320,kasangulu,-4.5911,15.1708,23.9,80,98,0.96,CD,1669900710
321,alice springs,-23.7,133.8833,18.75,37,4,0.0,AU,1669900779
322,nampula,-15.1165,39.2666,24.97,69,100,3.6,MZ,1669900824
323,murray bridge,-35.1167,139.2667,15.62,87,0,3.34,AU,1669900825
324,fort morgan,40.2503,-103.8,-5.32,85,0,3.09,US,1669900711
325,piney green,34.716,-77.3202,6.96,61,0,1.54,US,1669900825
326,huaihua,27.5494,109.9592,-0.59,93,100,1.75,CN,1669900712
327,astoria,46.1879,-123.8313,2.14,98,75,2.06,US,1669900825
328,azanka,58.0401,64.7893,-16.93,95,100,1.48,RU,1669900826
329,stuttgart,48.7823,9.177,6.43,88,100,2.57,DE,1669900587
330,fort oglethorpe,34.949,-85.2569,1.62,64,20,4.12,US,1669900712
331,acarau,-2.8856,-40.12,28.83,64,66,7.74,BR,1669900713
332,sarkand,45.41,79.9186,-3.75,95,100,1.17,KZ,1669900826
333,tiksi,71.6872,128.8694,-24.82,97,100,5.97,RU,1669900649
334,mantua,45.1667,10.7833,11.34,83,100,2.68,IT,1669900713
335,abbeville,50.1,1.8333,7.98,78,16,4.5,FR,1669900714
336,shenjiamen,29.9576,122.298,7.62,92,100,9.25,CN,1669900827
337,luanda,-8.8368,13.2343,27.44,70,17,5.06,AO,1669900626
338,aklera,24.4167,76.5667,20.51,29,0,1.91,IN,1669900827
339,campos sales,-7.0744,-40.3761,26.72,62,92,4.09,BR,1669900715
340,iyo,33.7514,132.7014,8.56,50,94,3.67,JP,1669900827
341,brigantine,39.4101,-74.3646,3.34,56,0,2.57,US,1669900737
342,golub-dobrzyn,53.1109,19.0538,2.81,79,73,2.62,PL,1669900828
343,yumen,40.2833,97.2,-10.07,65,78,6.93,CN,1669900828
344,bilibino,68.0546,166.4372,-14.37,96,63,2.66,RU,1669900720
345,stornoway,58.2093,-6.3865,11.98,95,75,9.26,GB,1669900828
346,ayr,55.4627,-4.6339,9.99,87,75,2.57,GB,1669900717
347,jinchang,38.4953,102.1739,-6.18,54,5,2.25,CN,1669900829
348,petropavlovsk-kamchatskiy,53.0452,158.6483,-9.67,100,75,1.0,RU,1669900829
349,zlocieniec,53.5329,16.0113,2.05,87,100,2.59,PL,1669900829
350,zhovtneve,50.6637,24.2492,-0.68,81,100,3.52,UA,1669900830
351,mackenzie,55.2999,-123.1698,-23.88,70,100,2.57,CA,1669900565
352,zeya,53.75,127.2667,-31.4,95,62,1.39,RU,1669900830
353,xining,36.6167,101.7667,-2.63,33,47,0.36,CN,1669900830
354,nelson bay,-32.7167,152.15,19.44,91,100,4.02,AU,1669900831
355,nome,64.5011,-165.4064,-6.96,86,0,4.12,US,1669900718
356,lichuan,30.3,108.85,-1.64,95,100,1.03,CN,1669900831
357,vina del mar,-33.0246,-71.5518,19.35,79,75,2.06,CL,1669900831
358,bara,10.3744,10.7288,32.88,14,37,2.06,NG,1669900832
359,palmer,42.1584,-72.3287,2.5,49,20,4.12,US,1669900720
360,novyy urengoy,66.0833,76.6333,-20.7,98,94,3.9,RU,1669900832
361,vanavara,60.34,102.2797,-28.05,95,94,1.91,RU,1669900832
362,alamos,27.0167,-108.9333,16.09,30,0,2.24,MX,1669900720
363,coquimbo,-29.9533,-71.3436,16.85,82,100,4.63,CL,1669900695
364,lakes entrance,-37.8811,147.981,10.98,85,2,0.57,AU,1669900721
365,paamiut,61.994,-49.6678,-7.66,71,2,9.76,GL,1669900833
366,narsaq,60.9167,-46.05,-2.88,87,9,1.41,GL,1669900687
367,aitape,-3.1374,142.3475,26.45,85,100,4.36,PG,1669900833
368,talnakh,69.4865,88.3972,-18.57,99,100,0.52,RU,1669900722
369,hambantota,6.1241,81.1185,26.4,82,62,4.92,LK,1669900833
370,mahibadhoo,3.7833,72.9667,27.22,73,72,1.21,MV,1669900834
371,lavrentiya,65.5833,-171.0,-4.4,93,100,2.58,RU,1669900707
372,shimoda,34.6667,138.95,10.06,80,100,1.79,JP,1669900723
373,sinegorye,62.0788,150.477,-27.96,98,100,0.38,RU,1669900723
374,burnie,-41.0667,145.9167,13.3,78,52,4.91,AU,1669900834
375,grindavik,63.8424,-22.4338,5.97,81,75,10.8,IS,1669900723
376,chitral,35.8462,71.7858,8.85,53,100,1.6,PK,1669900835
377,korem,12.5058,39.5228,16.74,27,7,4.08,ET,1669900724
378,kabugao,18.0217,121.1842,22.87,98,39,0.7,PH,1669900835
379,jumla,29.2747,82.1838,7.04,45,0,2.07,NP,1669900835
380,macusani,-14.0833,-70.4333,7.85,27,5,2.19,PE,1669900836
381,ostrovnoy,68.0531,39.5131,-1.62,94,100,3.86,RU,1669900836
382,armeria,18.9333,-103.9667,22.04,90,97,1.72,MX,1669900836
383,gagino,55.2314,45.0339,-13.97,94,22,0.44,RU,1669900725
384,iracoubo,5.4802,-53.2011,27.1,78,98,4.6,GF,1669900837
385,bongaree,-27.0797,153.1586,17.25,84,100,10.98,AU,1669900837
386,lewiston,44.1003,-70.2148,2.45,62,0,4.12,US,1669900636
387,tiznit,29.5833,-9.5,16.04,55,97,3.78,MA,1669900837
388,le port,-20.9373,55.2919,27.0,72,57,1.55,RE,1669900838
389,soyo,-6.1349,12.3689,28.52,70,68,4.84,AO,1669900727
390,asfi,32.2994,-9.2372,17.17,79,87,8.51,MA,1669900838
391,dingle,10.9995,122.6711,25.14,90,100,3.95,PH,1669900639
392,nenjiang,49.1833,125.2167,-25.54,92,39,2.82,CN,1669900727
393,zhangye,38.9342,100.4517,-7.8,54,2,1.43,CN,1669900728
394,mbandaka,0.0487,18.2603,25.89,72,65,2.34,CD,1669900838
395,buin,-33.7333,-70.75,22.84,39,0,0.6,CL,1669900839
396,igarka,67.4667,86.5833,-16.04,97,100,4.91,RU,1669900729
397,antalaha,-14.9003,50.2788,26.93,70,7,3.85,MG,1669900839
398,bubaque,11.2833,-15.8333,26.95,46,32,2.39,GW,1669900839
399,kindu,-2.95,25.95,21.4,91,100,1.03,CD,1669900729
400,sakakah,29.9697,40.2064,19.76,35,0,1.77,SA,1669900840
401,hornepayne,49.2138,-84.7705,-10.78,81,63,5.23,CA,1669900840
402,rizhao,35.4275,119.4553,-2.13,27,100,2.42,CN,1669900840
403,sinnamary,5.3833,-52.95,27.27,77,97,4.78,GF,1669900841
404,vicar,36.8316,-2.6427,15.12,59,100,3.61,ES,1669900731
405,poum,-20.2333,164.0167,27.6,83,100,5.15,NC,1669900731
406,zhigansk,66.7697,123.3711,-23.35,96,100,3.08,RU,1669900841
407,hofn,64.2539,-15.2082,4.01,100,75,3.6,IS,1669900841
408,freeport,40.6576,-73.5832,3.95,52,0,7.72,US,1669900842
409,namatanai,-3.6667,152.4333,26.54,82,88,1.56,PG,1669900842
410,dicabisagan,17.0818,122.4157,25.64,86,38,3.33,PH,1669900630
411,sadovoye,47.7764,44.5089,-1.43,37,19,5.43,RU,1669900842
412,san policarpo,12.1791,125.5072,27.42,84,100,6.86,PH,1669900842
413,iberia,29.9502,-91.7507,5.04,65,0,3.6,US,1669900843
414,boulsa,12.6675,-0.5758,33.06,13,94,2.72,BF,1669900843
415,ifakara,-8.1333,36.6833,31.11,44,71,1.97,TZ,1669900734
416,ilulissat,69.2167,-51.1,-6.99,63,75,11.32,GL,1669900734
417,deputatskiy,69.3,139.9,-25.58,98,100,2.08,RU,1669900844
418,slyudyanka,51.6594,103.7061,-13.44,92,100,1.76,RU,1669900844
419,gat,31.61,34.7642,22.66,39,0,3.46,IL,1669900844
420,mamallapuram,12.6264,80.1722,28.03,81,52,4.79,IN,1669900844
421,churapcha,62.0025,132.4325,-32.25,99,100,0.67,RU,1669900845
422,jadu,31.953,12.0261,13.6,43,67,2.46,LY,1669900845
423,atar,20.5169,-13.0499,29.88,10,0,0.75,MR,1669900845
424,rio rancho,35.2334,-106.6645,5.09,56,0,0.89,US,1669900846
425,lorengau,-2.0226,147.2712,27.34,78,95,2.4,PG,1669900846
426,koumac,-20.5667,164.2833,27.51,78,100,2.23,NC,1669900846
427,roebourne,-20.7833,117.1333,29.78,42,0,6.8,AU,1669900847
428,hovd,48.0056,91.6419,-19.11,77,44,1.66,MN,1669900847
429,marfino,55.7028,37.3822,-8.84,92,100,2.0,RU,1669900737
430,san cristobal,7.7669,-72.225,19.1,85,74,1.79,VE,1669900687
431,sibu,2.3,111.8167,25.17,100,40,1.54,MY,1669900847
432,lodja,-3.4833,23.4333,24.07,92,100,1.49,CD,1669900737
433,abdulino,53.7,53.6667,-9.77,97,99,1.09,RU,1669900848
434,xihe,31.6864,113.4659,3.01,36,100,2.24,CN,1669900848
435,krasnopavlivka,49.1372,36.3272,-0.15,34,96,7.83,UA,1669900848
436,sovetskiy,61.3614,63.5842,-19.93,100,65,0.72,RU,1669900739
437,mastic beach,40.7668,-72.8521,3.95,56,20,5.14,US,1669900849
438,middelburg,-25.7751,29.4648,30.13,12,100,4.19,ZA,1669900849
439,salisbury,51.0693,-1.7957,7.23,98,75,1.54,GB,1669900682
440,yalova,40.655,29.2769,15.52,67,43,2.06,TR,1669900645
441,muzhi,65.3667,64.6667,-23.01,97,6,2.14,RU,1669900849
442,tanete,-3.9443,119.7848,24.38,92,70,1.4,ID,1669900671
443,henties bay,-22.116,14.2845,19.02,75,7,6.6,NA,1669900850
444,lasa,46.6166,10.7002,8.49,78,99,1.02,IT,1669900741
445,steinbach,50.1667,8.5667,7.1,84,100,4.63,DE,1669900850
446,bhimunipatnam,17.8833,83.4333,26.73,81,2,4.18,IN,1669900850
447,teahupoo,-17.8333,-149.2667,20.98,83,100,7.19,PF,1669900742
448,pilar,-9.5972,-35.9567,26.96,58,100,4.93,BR,1669900798
449,basco,20.4487,121.9702,25.84,83,100,11.12,PH,1669900851
450,husavik,66.0449,-17.3389,2.58,75,1,8.24,IS,1669900742
451,anloga,5.7947,0.8973,29.16,65,95,4.58,GH,1669900851
452,ferme-neuve,46.7001,-75.4493,-2.94,81,100,5.33,CA,1669900851
453,cockburn town,21.4612,-71.1419,26.94,65,0,7.84,TC,1669900682
454,tamale,9.4008,-0.8393,36.21,13,82,1.19,GH,1669900852
455,acari,-15.4311,-74.6158,21.98,68,62,2.04,PE,1669900852
456,srandakan,-7.9386,110.2506,25.66,76,99,1.4,ID,1669900852
457,yarmouth,41.7057,-70.2286,4.42,54,0,10.73,US,1669900853
458,half moon bay,37.4636,-122.4286,12.4,84,100,11.32,US,1669900694
459,palora,-1.7,-77.9333,22.06,87,98,0.31,EC,1669900853
460,pinega,64.7001,43.3936,-5.37,96,100,1.95,RU,1669900853
461,sihor,21.7,71.9667,26.08,34,0,2.53,IN,1669900853
462,kambove,-10.8764,26.5969,22.51,78,81,2.19,CD,1669900745
463,aleksandrov gay,50.147,48.5704,-3.4,51,0,2.82,RU,1669900854
464,corinto,37.9407,22.9573,18.27,67,99,1.89,GR,1669900854
465,port blair,11.6667,92.75,28.02,83,40,2.57,IN,1669900854
466,nalut,30.3333,10.85,16.2,28,39,1.51,LY,1669900855
467,orlik,52.5178,99.825,-21.35,91,100,1.59,RU,1669900855
468,santo antonio do ica,-3.1022,-67.9397,28.91,68,100,1.84,BR,1669900747
469,kenai,60.5544,-151.2583,-9.95,85,100,3.09,US,1669900747
470,laje,-10.1833,-40.9667,26.65,65,96,2.73,BR,1669900747
471,berlevag,70.8578,29.0864,0.97,80,75,3.09,NO,1669900855
472,bonthe,7.5264,-12.505,29.88,64,90,2.7,SL,1669900856
473,tautira,-17.7333,-149.15,25.75,83,96,6.96,PF,1669900856
474,dapaong,10.8639,0.205,34.16,14,43,1.55,TG,1669900856
475,danjiangkou,32.5428,111.5086,3.42,55,98,2.57,CN,1669900639
476,santa maria da boa vista,-8.8078,-39.8256,27.24,59,97,5.87,BR,1669900857
477,mohanur,11.0833,78.1667,25.99,76,70,2.67,IN,1669900857
478,assiniboia,49.6334,-105.9845,-10.25,90,100,2.36,CA,1669900483
479,victoria,22.2855,114.1577,16.81,75,79,7.15,HK,1669900714
480,rudnogorsk,57.2639,103.7519,-21.67,94,100,2.5,RU,1669900750
481,marakkanam,12.2,79.95,26.43,81,33,4.42,IN,1669900750
482,kisangani,0.5167,25.2,27.32,68,98,1.71,CD,1669900496
483,havelock,34.8791,-76.9013,7.21,49,0,5.14,US,1669900493
484,eidfjord,60.4675,7.0719,-0.59,88,10,2.35,NO,1669900750
485,xapuri,-10.6517,-68.5044,30.83,54,35,2.75,BR,1669900751
486,the valley,18.217,-63.0578,28.79,61,20,4.12,AI,1669900751
487,itarema,-2.9248,-39.9167,29.15,61,68,7.24,BR,1669900751
488,berga,60.392,5.328,6.04,75,0,2.57,NO,1669900752
489,daru,-9.0763,143.2092,26.4,85,100,2.02,PG,1669900752
490,balkanabat,39.5108,54.3671,8.33,31,100,0.67,TM,1669900463
491,auki,-8.7676,160.7034,25.64,85,100,2.2,SB,1669900752
492,poronaysk,49.2167,143.1167,-13.87,77,32,5.36,RU,1669900753
493,sabha,27.0377,14.4283,18.88,19,0,0.56,LY,1669900753
494,brae,60.3964,-1.353,8.67,89,100,11.84,GB,1669900753
495,mandalgovi,45.7625,106.2708,-15.63,40,100,4.06,MN,1669900753
496,batagay,67.6333,134.6333,-29.96,98,100,1.24,RU,1669900754
497,san jose de rio tinto,14.9333,-85.7,24.76,95,100,1.06,HN,1669900713
498,lokosovo,61.1333,74.8167,-26.95,98,18,1.64,RU,1669900754
499,evensk,61.95,159.2333,-9.7,81,100,0.83,RU,1669900754
500,bontang,0.1333,117.5,26.14,84,97,1.33,ID,1669900755
501,berbera,10.4396,45.0143,27.3,65,10,5.09,SO,1669900755
502,imbituba,-28.24,-48.6703,24.92,93,100,4.66,BR,1669900755
503,dongsheng,39.8161,109.9776,-10.53,19,22,4.35,CN,1669900756
504,kayes,14.0,-11.0,35.33,10,100,4.17,ML,1669900756
505,sar-e pul,35.8333,66.1667,3.4,90,100,1.91,AF,1669900756
506,harwich,51.9419,1.2844,9.73,84,61,1.34,GB,1669900757
507,cananea,30.95,-110.3,5.77,51,0,2.49,MX,1669900757
508,dwarka,22.2394,68.9678,25.81,45,0,4.73,IN,1669900757
509,poya,-21.35,165.15,26.44,85,100,1.21,NC,1669900758
510,honningsvag,70.9821,25.9704,2.86,81,75,4.12,NO,1669900758
511,totness,5.8833,-56.3167,26.06,82,48,3.08,SR,1669900758
512,pereira barreto,-20.6383,-51.1092,31.47,37,21,3.48,BR,1669900759
513,north bend,43.4065,-124.2243,3.29,100,100,3.09,US,1669900759
514,beira,-19.8436,34.8389,29.05,65,75,4.63,MZ,1669900759
515,tazmalt,36.3868,4.3989,16.22,41,86,2.49,DZ,1669900760
516,mount isa,-20.7333,139.5,22.87,28,0,2.06,AU,1669900760
517,pervomayskoye,43.919,46.7102,5.84,55,12,7.8,RU,1669900760
518,opuwo,-18.0607,13.84,37.34,14,65,7.09,NA,1669900761
519,carmelo,-33.9892,-58.2856,19.87,89,100,7.42,UY,1669900761
520,catalina,32.5056,-110.9211,12.29,43,0,2.51,US,1669900761
521,huadian,42.9633,126.7478,-15.26,78,2,3.39,CN,1669900761
522,chunian,30.964,73.9803,20.76,19,93,2.12,PK,1669900762
523,dafeng,23.4517,108.5881,5.39,84,100,3.69,CN,1669900762
524,simpsonville,34.7371,-82.2543,5.29,44,0,6.17,US,1669900559
525,biltine,14.5333,20.9167,35.32,14,96,1.45,TD,1669900762
526,namibe,-15.1961,12.1522,24.21,71,44,5.7,AO,1669900698
527,bernalillo,35.05,-106.6673,5.75,57,0,0.0,US,1669900763
528,lamu,-2.2717,40.902,29.12,69,100,5.48,KE,1669900763
529,liwale,-9.7667,37.9333,28.69,50,71,2.11,TZ,1669900764
530,shirokiy,49.758,129.523,-29.33,98,71,1.86,RU,1669900764
531,dharchula,29.85,80.5333,13.62,40,0,2.93,IN,1669900764
532,brenham,30.1669,-96.3977,4.08,81,0,0.0,US,1669900765
533,pasighat,28.0667,95.3333,19.04,58,0,1.77,IN,1669900765
534,ozinki,51.1786,49.6769,-5.37,65,8,2.74,RU,1669900765
535,sao felix do xingu,-6.6447,-51.995,28.22,70,100,0.86,BR,1669900694
536,ducheng,23.2373,111.5317,7.74,72,100,2.46,CN,1669900765
537,mount hagen,-5.8581,144.2274,14.88,98,100,0.65,PG,1669900766
538,riberalta,-10.9833,-66.1,25.11,94,75,2.06,BO,1669900766
539,ihosy,-22.4,46.1167,28.27,41,80,1.29,MG,1669900766
540,pacifica,37.6138,-122.4869,12.03,86,100,11.32,US,1669900767
541,burhaniye,39.5004,26.9727,12.95,88,75,4.12,TR,1669900767
542,maltahohe,-24.8333,16.9833,32.35,21,100,5.63,NA,1669900767
543,margate,51.3813,1.3862,8.28,90,71,0.45,GB,1669900581
544,daigo,36.7667,140.35,5.18,95,100,0.98,JP,1669900768
545,labuhan,-6.8844,112.2051,27.19,73,93,0.75,ID,1669900768
546,guerrero negro,27.9769,-114.0611,13.66,83,57,4.09,MX,1669900483
547,labuan,5.2767,115.2417,26.2,94,20,1.54,MY,1669900768
548,mananjary,-21.2167,48.3333,27.26,66,11,5.35,MG,1669900769
549,smithers,54.7804,-127.1743,-21.82,84,0,0.0,CA,1669900769
550,tilichiki,60.4667,166.1,-2.69,95,95,2.68,RU,1669900769
551,yantal,56.8471,105.2542,-20.32,96,100,3.1,RU,1669900770
552,hamina,60.5697,27.1979,-1.4,91,100,3.32,FI,1669900770
553,mehamn,71.0357,27.8492,0.95,86,75,4.12,NO,1669900770
554,pauini,-7.7136,-66.9764,30.09,60,32,2.29,BR,1669900770
555,schruns,47.0709,9.9475,0.54,82,99,1.15,AT,1669900771
556,asyut,27.181,31.1837,24.61,22,0,3.95,EG,1669900771
557,pangnirtung,66.1451,-65.7125,-19.0,60,100,1.03,CA,1669900771
558,seoul,37.5683,126.9778,-3.34,38,78,2.95,KR,1669900155
559,chimore,-16.9833,-65.1333,26.89,66,11,2.65,BO,1669900772
560,boueni,-12.9025,45.0761,29.99,70,24,2.79,YT,1669900772
561,kapuskasing,49.4169,-82.4331,-8.92,80,100,6.35,CA,1669900502
562,grover beach,35.1216,-120.6213,11.31,86,100,2.57,US,1669900772
563,tripoli,32.8752,13.1875,17.84,54,60,5.36,LY,1669900541
564,marshall,34.3834,-86.3333,1.51,57,0,3.6,US,1669900567
565,kushmurun,52.4503,64.6311,-12.17,84,100,5.3,KZ,1669900773
566,sao miguel do iguacu,-25.3481,-54.2378,27.49,52,0,1.63,BR,1669900773
567,ust-tsilma,65.441,52.1498,-16.38,99,100,1.77,RU,1669900773
568,beloha,-25.1667,45.05,26.04,70,99,5.99,MG,1669900774
569,sao geraldo do araguaia,-6.4006,-48.555,26.68,84,64,1.94,BR,1669900774
570,terney,45.0503,136.6092,-14.87,70,46,4.41,RU,1669900774
571,sistranda,63.7256,8.834,1.98,80,8,5.0,NO,1669900774
572,maihar,24.2667,80.75,19.15,47,0,1.18,IN,1669900775
573,limoges,45.75,1.3333,6.49,75,100,4.12,FR,1669900595
574,parkes,-33.1333,148.1833,16.86,61,0,5.74,AU,1669900775
575,ibra,22.6906,58.5334,27.86,13,18,2.23,OM,1669900775
576,verkh-chebula,56.0308,87.6218,-18.94,95,100,2.34,RU,1669900776
577,worthington,40.0931,-83.018,-4.91,78,0,4.12,US,1669900681
